"survey_year","site","island","site_status","den_MACPYRAD","den_MACSTIPES","den_PCLA","bm_PCLA","den_CPUN","bm_CPUN"
2021,"ANACAPA_EAST_FISH_CAMP_CEN","ANA","reference",16,64.75,5.375,1.0069349522866,1.625,0.106966761419695
2021,"ANACAPA_EAST_FISH_CAMP_E","ANA","reference",9.75,36.5,1.5,0.326451444819158,3.75,0.0283769686409671
2021,"ANACAPA_EAST_FISH_CAMP_W","ANA","reference",17.75,121,5.625,0.876257335436916,0.25,0.00969949079374613
2015,"ANACAPA_EAST_ISLE_CEN","ANA","mpa",26.75,101.75,4.875,1.34246196973289,43.375,0.511496683224511
2016,"ANACAPA_EAST_ISLE_CEN","ANA","mpa",18.5,91.75,8.875,2.81335343190109,66.625,1.23746271175673
2017,"ANACAPA_EAST_ISLE_CEN","ANA","mpa",73,239.25,5,0.58457897791506,8.75,0.135188365173164
2018,"ANACAPA_EAST_ISLE_CEN","ANA","mpa",21.5,188.25,2.5,0.358575561941922,3.375,0.0892461946683331
2019,"ANACAPA_EAST_ISLE_CEN","ANA","mpa",87.5,234.25,6.375,1.0156355980341,12.875,0.462550241808368
2020,"ANACAPA_EAST_ISLE_CEN","ANA","mpa",33.75,394.25,3.25,0.764775664168698,5.125,0.112391105932512
2021,"ANACAPA_EAST_ISLE_CEN","ANA","mpa",218.75,711,2.625,0.719330025135856,7.25,0.278000466414808
2015,"ANACAPA_EAST_ISLE_E","ANA","mpa",54,237.25,6.375,1.40472409692221,80.5,0.464435678122328
2016,"ANACAPA_EAST_ISLE_E","ANA","mpa",17.25,66.75,14.875,4.01183044323752,36,0.31028583450011
2017,"ANACAPA_EAST_ISLE_E","ANA","mpa",68,204.5,10.875,2.64643228060295,44,0.749702877910313
2018,"ANACAPA_EAST_ISLE_E","ANA","mpa",19,166.5,4.5,1.00728821971732,14.625,0.268648716060778
2019,"ANACAPA_EAST_ISLE_E","ANA","mpa",45.25,161.5,3.25,0.463289699780211,7.25,0.165228274875006
2020,"ANACAPA_EAST_ISLE_E","ANA","mpa",22.75,257.25,3.125,0.823028029732423,15,0.340713016363596
2021,"ANACAPA_EAST_ISLE_E","ANA","mpa",97.75,361,4.5,1.67642876899087,14.75,0.467878658307726
2015,"ANACAPA_EAST_ISLE_W","ANA","mpa",46,311.25,6,0.328667892561907,4.875,0.0273855882501417
2016,"ANACAPA_EAST_ISLE_W","ANA","mpa",31.5,151.5,9.25,2.17661679434288,16,0.139726598972224
2017,"ANACAPA_EAST_ISLE_W","ANA","mpa",59.5,309.75,4.5,0.935902770257996,9.125,0.193468653689508
2018,"ANACAPA_EAST_ISLE_W","ANA","mpa",37,251,3.375,0.405360305834961,1.5,0.0148713224145233
2019,"ANACAPA_EAST_ISLE_W","ANA","mpa",70.25,235.25,2.875,0.439095375877564,7,0.152641775226923
2020,"ANACAPA_EAST_ISLE_W","ANA","mpa",59.25,438.5,1.75,0.207410750302315,0.75,0.0285502341897451
2021,"ANACAPA_EAST_ISLE_W","ANA","mpa",100.5,360.25,1.875,0.434414304315659,7.375,0.053620460718142
2015,"ANACAPA_LIGHTHOUSE_REEF_CEN","ANA","reference",0,0,4.25,0.680611424390118,174.5,3.5698201629926
2016,"ANACAPA_LIGHTHOUSE_REEF_CEN","ANA","reference",0,0,2.375,0.403786424011305,19.625,0.373776817241007
2017,"ANACAPA_LIGHTHOUSE_REEF_CEN","ANA","reference",0.5,2.5,5.25,0.794459049410123,41.75,0.987657600261599
2018,"ANACAPA_LIGHTHOUSE_REEF_CEN","ANA","reference",2.25,8,3.5,0.945703794097278,47.375,1.98053986482872
2019,"ANACAPA_LIGHTHOUSE_REEF_CEN","ANA","reference",18.5,49,4.125,0.58612705991462,8.875,0.145344061788807
2020,"ANACAPA_LIGHTHOUSE_REEF_CEN","ANA","reference",20,116.5,1.75,0.418746369785663,3.875,0.0552638416301726
2021,"ANACAPA_LIGHTHOUSE_REEF_CEN","ANA","reference",28.5,125,2.875,0.537661601760374,15.625,0.520224278254179
2015,"ANACAPA_LIGHTHOUSE_REEF_E","ANA","reference",0,0,8.25,0.831282343528013,100,0.56598989748568
2016,"ANACAPA_LIGHTHOUSE_REEF_E","ANA","reference",0,0,3.375,0.494386546373989,23.875,0.307954875657877
2017,"ANACAPA_LIGHTHOUSE_REEF_E","ANA","reference",7.5,26.75,6.75,1.12490353501907,40.625,0.895002208626054
2018,"ANACAPA_LIGHTHOUSE_REEF_E","ANA","reference",30.75,116.25,6.125,1.37831462223542,5.625,0.186633141270874
2019,"ANACAPA_LIGHTHOUSE_REEF_E","ANA","reference",34.75,172,4.125,1.13727223167043,12.5,0.21549461779604
2020,"ANACAPA_LIGHTHOUSE_REEF_E","ANA","reference",38.25,412,1.625,0.335470909424194,5.375,0.103009951301934
2021,"ANACAPA_LIGHTHOUSE_REEF_E","ANA","reference",36.25,218.75,1.875,0.415698891973002,23,0.453262565169263
2015,"ANACAPA_LIGHTHOUSE_REEF_W","ANA","reference",0,0,14.125,0.753023104307651,44.5,0.384796523969313
2016,"ANACAPA_LIGHTHOUSE_REEF_W","ANA","reference",0,0,5.875,0.608795124034555,5.5,0.165345891496717
2017,"ANACAPA_LIGHTHOUSE_REEF_W","ANA","reference",11.5,39.25,12.25,2.61971929954821,3.25,0.16333291849465
2018,"ANACAPA_LIGHTHOUSE_REEF_W","ANA","reference",27.25,108.25,4.75,1.42062924733431,0.875,0.0211184228181701
2019,"ANACAPA_LIGHTHOUSE_REEF_W","ANA","reference",22.25,53.25,3,0.516503973943529,0,0
2020,"ANACAPA_LIGHTHOUSE_REEF_W","ANA","reference",15.25,95.25,2.625,0.577118177354945,9.625,0.135711737953583
2021,"ANACAPA_LIGHTHOUSE_REEF_W","ANA","reference",13.75,59.5,2.125,0.527360083603666,1.75,0.0532510869270723
2015,"ANACAPA_MIDDLE_ISLE_CEN","ANA","mpa",4,13.5,8.125,0.514546388098571,51.25,0.664770519724468
2016,"ANACAPA_MIDDLE_ISLE_CEN","ANA","mpa",2.25,5.25,7.25,1.22651352242584,36.375,0.932287797874745
2017,"ANACAPA_MIDDLE_ISLE_CEN","ANA","mpa",48.75,127.5,4.875,1.14274447839767,5.375,0.104011215115304
2018,"ANACAPA_MIDDLE_ISLE_CEN","ANA","mpa",51.5,516,6.875,0.578047753796775,4.5,0.145235614139885
2019,"ANACAPA_MIDDLE_ISLE_CEN","ANA","mpa",82.5,190.5,7.625,1.69557836025978,6,0.142343734347407
2020,"ANACAPA_MIDDLE_ISLE_CEN","ANA","mpa",20.5,180.25,6.5,0.471547741633015,1.125,0.0235667512316836
2021,"ANACAPA_MIDDLE_ISLE_CEN","ANA","mpa",30.5,74.25,4.625,1.00144299217068,2.25,0.031438713890397
2015,"ANACAPA_MIDDLE_ISLE_E","ANA","mpa",42,363.5,5.125,0.153990370633477,15.375,0.155267482601924
2016,"ANACAPA_MIDDLE_ISLE_E","ANA","mpa",3,12.25,6.875,1.10891385496327,28.625,0.296447734191007
2017,"ANACAPA_MIDDLE_ISLE_E","ANA","mpa",47.5,166,5.125,0.701959355197224,19.25,0.410377378173708
2018,"ANACAPA_MIDDLE_ISLE_E","ANA","mpa",44.5,325.5,5,0.407853772139984,2.5,0.0683207602348219
2019,"ANACAPA_MIDDLE_ISLE_E","ANA","mpa",123.5,391.5,2.625,0.162012959640784,2.625,0.0187929142781802
2020,"ANACAPA_MIDDLE_ISLE_E","ANA","mpa",44.5,373.75,3.625,0.188838523333731,1.75,0.0639120684292789
2021,"ANACAPA_MIDDLE_ISLE_E","ANA","mpa",191.5,643.25,4.625,0.676743363318913,3.625,0.0470790473232588
2015,"ANACAPA_MIDDLE_ISLE_W","ANA","mpa",15.5,74,3.375,0.26222733341715,50.375,0.296760713314
2016,"ANACAPA_MIDDLE_ISLE_W","ANA","mpa",1,1.5,2.875,0.751574927368887,33.375,0.559522868523599
2017,"ANACAPA_MIDDLE_ISLE_W","ANA","mpa",193.5,539.75,5.5,2.02195918178395,4.375,0.0606233426395503
2018,"ANACAPA_MIDDLE_ISLE_W","ANA","mpa",55,378.5,3.125,0.998852976331728,5.75,0.0779476136186411
2019,"ANACAPA_MIDDLE_ISLE_W","ANA","mpa",96.25,317.25,2.125,0.331988564647789,5.25,0.137406402184627
2020,"ANACAPA_MIDDLE_ISLE_W","ANA","mpa",63,266,3.625,0.709738583162356,3.25,0.112331822292652
2021,"ANACAPA_MIDDLE_ISLE_W","ANA","mpa",84.5,329.75,2.25,0.657034298801757,3.625,0.0439091696679501
2015,"ANACAPA_WEST_ISLE_CEN","ANA","mpa",1,1.5,8.875,2.10722030066779,20.5,0.403943546276673
2016,"ANACAPA_WEST_ISLE_CEN","ANA","mpa",25.25,87.5,10.125,3.18316925831394,56.875,2.47592979820979
2017,"ANACAPA_WEST_ISLE_CEN","ANA","mpa",129.5,461.5,6.875,1.74687800144419,7.625,0.154827990270087
2018,"ANACAPA_WEST_ISLE_CEN","ANA","mpa",118.75,475.25,2.625,0.577355032987513,9,0.182217139339759
2019,"ANACAPA_WEST_ISLE_CEN","ANA","mpa",141.5,525.5,5.625,1.67113567026488,4.25,0.11465649926191
2020,"ANACAPA_WEST_ISLE_CEN","ANA","mpa",74.25,341,4.875,0.836149051101772,8.5,0.112249618851132
2021,"ANACAPA_WEST_ISLE_CEN","ANA","mpa",108,369,2,0.430439487081148,7.875,0.219670902710789
2015,"ANACAPA_WEST_ISLE_E","ANA","mpa",32.5,113.5,9.5,1.8994500584048,39,0.872335779094494
2016,"ANACAPA_WEST_ISLE_E","ANA","mpa",52,160.25,12.375,3.09533104556101,69.875,1.85698222144591
2017,"ANACAPA_WEST_ISLE_E","ANA","mpa",174.25,610,8.125,2.87122470670345,15.75,0.356138878523354
2018,"ANACAPA_WEST_ISLE_E","ANA","mpa",110.5,530,7.375,1.09911348661975,10.625,0.241853395639357
2019,"ANACAPA_WEST_ISLE_E","ANA","mpa",217.25,653.25,4.625,0.515632648921982,7.875,0.124353667370616
2020,"ANACAPA_WEST_ISLE_E","ANA","mpa",58.25,493.25,3.375,0.572109290616581,3.875,0.0933397458606716
2021,"ANACAPA_WEST_ISLE_E","ANA","mpa",103.5,414.5,4,1.04843995080786,8.875,0.133832461017683
2015,"ANACAPA_WEST_ISLE_W","ANA","mpa",35.25,122.75,9.625,1.94053636302928,24.75,0.184887950201337
2016,"ANACAPA_WEST_ISLE_W","ANA","mpa",19.25,56.25,14,3.32329069070811,43.625,0.664257249427408
2017,"ANACAPA_WEST_ISLE_W","ANA","mpa",79.25,297.5,6.75,2.31325580085023,11.375,0.305682374182437
2018,"ANACAPA_WEST_ISLE_W","ANA","mpa",103.75,358.75,7.625,3.4044796482681,6.5,0.532306102771233
2019,"ANACAPA_WEST_ISLE_W","ANA","mpa",93,313.75,3.25,1.02406661146066,31.875,1.01393050259225
2020,"ANACAPA_WEST_ISLE_W","ANA","mpa",39.75,134.25,3.625,1.0686280463869,1.125,0.0101359115976057
2021,"ANACAPA_WEST_ISLE_W","ANA","mpa",67,167.75,4.5,1.40183630814276,10.625,0.273576060881744
2015,"SCI_CAVERN_POINT_E","SCI","mpa",20.16666667,172.1666667,8.66666666666667,1.02129606793963,23.6666666666667,0.609401231358326
2016,"SCI_CAVERN_POINT_E","SCI","mpa",7.166666667,22.33333333,7.83333333333333,1.93978453300346,44.75,0.570017756887129
2017,"SCI_CAVERN_POINT_E","SCI","mpa",19.83333,171.5,6.16666666666667,1.78023178480433,19.9166666666667,0.396563040936229
2018,"SCI_CAVERN_POINT_E","SCI","mpa",26.16667,290.5,6.16666666666667,0.763446348662574,7.25,0.218089359404948
2019,"SCI_CAVERN_POINT_E","SCI","mpa",67.5,195,5.66666666666667,1.19025539987314,12.75,0.44812999851807
2020,"SCI_CAVERN_POINT_E","SCI","mpa",20.5,274,6.16666666666667,0.961724974114461,4.41666666666667,0.106148311417001
2021,"SCI_CAVERN_POINT_E","SCI","mpa",14.16667,69.16667,3.08333333333333,0.720651883299367,3.75,0.120366742300131
2015,"SCI_CAVERN_POINT_W","SCI","mpa",43.5,324.5,17,1.38928929896355,32.6666666666667,0.380732798687317
2016,"SCI_CAVERN_POINT_W","SCI","mpa",7,14.16666667,12.6666666666667,3.28716548873355,89.1666666666667,1.71805266531646
2017,"SCI_CAVERN_POINT_W","SCI","mpa",131.8333,412.1667,11,3.76023634115027,9.91666666666667,0.240022181114122
2018,"SCI_CAVERN_POINT_W","SCI","mpa",84.66667,389,8.58333333333333,1.40270369902757,7.33333333333333,0.299933197916921
2019,"SCI_CAVERN_POINT_W","SCI","mpa",128,445.6667,3.83333333333333,0.407979258983038,2.58333333333333,0.0238978459291183
2020,"SCI_CAVERN_POINT_W","SCI","mpa",35.66667,382.5,4,0.435093002003204,9.83333333333333,0.309453542291616
2021,"SCI_CAVERN_POINT_W","SCI","mpa",167,580.3333,5,0.791289076102877,8.33333333333333,0.102653411241072
2015,"SCI_COCHE_POINT_E","SCI","reference",0,0,4.5,0.494447404834579,36.8333333333333,0.405849560487468
2016,"SCI_COCHE_POINT_E","SCI","reference",0,0,3.66666666666667,0.512410097229417,56.4166666666667,1.22724276178567
2017,"SCI_COCHE_POINT_E","SCI","reference",0,0,5.08333333333333,0.881989258017408,15.9166666666667,0.322766032312248
2018,"SCI_COCHE_POINT_E","SCI","reference",0,0,6.25,1.34480595781181,13.5833333333333,0.29707674949896
2019,"SCI_COCHE_POINT_E","SCI","reference",0,0,4.75,0.895258495079618,5.83333333333333,0.174480739903532
2020,"SCI_COCHE_POINT_E","SCI","reference",0,0,2,0.529722133704262,5.58333333333333,0.279444625388516
2021,"SCI_COCHE_POINT_E","SCI","reference",0,0,2.16666666666667,0.437583123393528,3.5,0.114238755434471
2015,"SCI_COCHE_POINT_W","SCI","reference",0,0,4.66666666666667,0.40123053742925,52.3333333333333,1.3321325289235
2016,"SCI_COCHE_POINT_W","SCI","reference",0,0,2.58333333333333,0.195008981123903,128.333333333333,2.59586377029944
2017,"SCI_COCHE_POINT_W","SCI","reference",0,0,4.58333333333333,1.20013704326977,54.1666666666667,1.35829182793832
2018,"SCI_COCHE_POINT_W","SCI","reference",0,0,4.66666666666667,1.07483186675234,15.25,0.51837802185371
2019,"SCI_COCHE_POINT_W","SCI","reference",0,0,3.58333333333333,0.214283931303285,1.25,0.0835128200478022
2020,"SCI_COCHE_POINT_W","SCI","reference",0,0,2.08333333333333,0.387614362615211,0.25,0.00670876022639327
2021,"SCI_COCHE_POINT_W","SCI","reference",1.666667,3,1.91666666666667,0.427427191637412,5.83333333333333,0.107317578375906
2015,"SCI_FORNEY_E","SCI","reference",4.166666667,27.83333333,2.91666666666667,0.612743903852498,35.4166666666667,0.739741684956548
2017,"SCI_FORNEY_E","SCI","reference",12.16667,153.6667,3,0.581132859742211,3.33333333333333,0.125508226630499
2018,"SCI_FORNEY_E","SCI","reference",0.1666667,0.3333333,2.25,0.46099735462588,4.66666666666667,0.237755264928966
2019,"SCI_FORNEY_E","SCI","reference",0.1666667,1.166667,3.33333333333333,0.710873148627916,3.5,0.269375660719122
2020,"SCI_FORNEY_E","SCI","reference",0,0,1.58333333333333,0.651925431872798,5.41666666666667,0.306060555372834
2021,"SCI_FORNEY_E","SCI","reference",9.333333,53,2.5,0.856192535989839,1.41666666666667,0.126906061706009
2015,"SCI_FORNEY_W","SCI","reference",57,485.3333333,1.41666666666667,0.427286078252934,8.75,0.278095809239591
2017,"SCI_FORNEY_W","SCI","reference",11.66667,72.5,3.25,0.763596040479766,11.1666666666667,0.30111672533923
2018,"SCI_FORNEY_W","SCI","reference",4.5,13.83333,1.25,0.471353659577542,6.33333333333333,0.155027838960227
2019,"SCI_FORNEY_W","SCI","reference",0.3333333,2.166667,1.58333333333333,0.502400303459256,0.333333333333333,0.018784390518379
2020,"SCI_FORNEY_W","SCI","reference",0.3333333,1,1.58333333333333,0.487359507948681,1.08333333333333,0.0574550572165433
2021,"SCI_FORNEY_W","SCI","reference",3.666667,21.33333,0.916666666666667,0.344152851307897,1.58333333333333,0.11291497545193
2015,"SCI_GULL_ISLE_E","SCI","mpa",37,218.5,3.08333333333333,1.51087428737448,59.4166666666667,1.36999020595895
2017,"SCI_GULL_ISLE_E","SCI","mpa",49.16667,263.3333,10.1666666666667,4.99642269548939,27.4166666666667,0.957075951880392
2018,"SCI_GULL_ISLE_E","SCI","mpa",29,221.6667,5.91666666666667,1.7847392081268,13.3333333333333,0.770205618622247
2019,"SCI_GULL_ISLE_E","SCI","mpa",25.16667,182.5,11.1666666666667,3.19912740946831,7.75,0.283817523375448
2020,"SCI_GULL_ISLE_E","SCI","mpa",7.5,66.83333,8.58333333333333,3.6898335699614,4.41666666666667,0.175763190558246
2021,"SCI_GULL_ISLE_E","SCI","mpa",33.66667,181,1.58333333333333,0.296353540956559,13.5,0.342874187341592
2015,"SCI_GULL_ISLE_W","SCI","mpa",27,108.5,1.91666666666667,0.464140094605038,67.4166666666667,0.968205108317841
2017,"SCI_GULL_ISLE_W","SCI","mpa",68.5,255,3.5,1.06746660345429,41.9166666666667,1.41279230649499
2018,"SCI_GULL_ISLE_W","SCI","mpa",36.83333,255,3.5,1.36865148407951,8.41666666666667,0.492077141468844
2019,"SCI_GULL_ISLE_W","SCI","mpa",23.83333,103.6667,3.91666666666667,1.06586455129223,10.6666666666667,0.411940948505072
2020,"SCI_GULL_ISLE_W","SCI","mpa",28.5,138.1667,2,0.685719756385435,3.25,0.0375590204354462
2021,"SCI_GULL_ISLE_W","SCI","mpa",62.33333,254.8333,2.5,0.833185072049616,6.16666666666667,0.196574191642894
2015,"SCI_HAZARDS_CEN","SCI","reference",0.5,3.5,5,1.28035996229056,22.625,0.84961908790396
2016,"SCI_HAZARDS_CEN","SCI","reference",2.75,7.5,2.5,0.1555179953827,44.25,1.2454470618135
2017,"SCI_HAZARDS_CEN","SCI","reference",4.5,16,2.25,0.766038179912833,16.375,0.790665984063766
2018,"SCI_HAZARDS_CEN","SCI","reference",0,0,3.875,1.08180765699845,7.875,0.316270028296578
2019,"SCI_HAZARDS_CEN","SCI","reference",0,0,2.5,0.526393941427865,10.375,0.51207758820801
2020,"SCI_HAZARDS_CEN","SCI","reference",0,0,2,0.888022807257807,19.125,1.15105913977495
2021,"SCI_HAZARDS_CEN","SCI","reference",0,0,2.875,1.0295564567717,16.125,0.706949944050322
2015,"SCI_HAZARDS_E","SCI","reference",0,0,5.375,1.7278817968695,26,0.363813803406513
2016,"SCI_HAZARDS_E","SCI","reference",1.5,3,2.75,0.128432921603236,28.5,0.477046687931639
2017,"SCI_HAZARDS_E","SCI","reference",33.75,107,1,0.225791150164401,16.625,0.457473032383304
2018,"SCI_HAZARDS_E","SCI","reference",10,36.5,3.25,0.754531037805406,22.25,0.63912208360785
2019,"SCI_HAZARDS_E","SCI","reference",0,0,2.75,0.444144356196052,12.625,0.410003460912987
2020,"SCI_HAZARDS_E","SCI","reference",0,0,1.875,0.330651031310023,18.875,0.88580852851761
2021,"SCI_HAZARDS_E","SCI","reference",3.75,15.25,2.875,0.317007108765693,5.875,0.219023741617366
2015,"SCI_HAZARDS_W","SCI","reference",0,0,5.875,1.49312481182354,31.875,0.357208957289065
2016,"SCI_HAZARDS_W","SCI","reference",0,0,5,0.687964390245753,69.125,1.24576538011713
2017,"SCI_HAZARDS_W","SCI","reference",0,0,5,1.44554492697707,9.5,0.431493136230003
2018,"SCI_HAZARDS_W","SCI","reference",0,0,2.875,0.701521705299999,30.375,0.684794118586337
2019,"SCI_HAZARDS_W","SCI","reference",0,0,3.125,1.04306958602569,8.875,0.301988321284454
2020,"SCI_HAZARDS_W","SCI","reference",0,0,2.125,0.576771864370382,5.875,0.273921333688052
2021,"SCI_HAZARDS_W","SCI","reference",0,0,1.875,0.465897322148632,8,0.312809920534863
2015,"SCI_PAINTED_CAVE_CEN","SCI","mpa",0,0,2.25,0.878637617795042,23.875,0.976779646499575
2017,"SCI_PAINTED_CAVE_CEN","SCI","mpa",0.5,4.25,4.375,1.79438838039486,23.125,0.727387030997949
2018,"SCI_PAINTED_CAVE_CEN","SCI","mpa",1.75,12.5,7.5,3.02811095561781,17.5,0.595723348780758
2019,"SCI_PAINTED_CAVE_CEN","SCI","mpa",0,0,3.25,0.982356033259073,10.25,0.448951191243691
2020,"SCI_PAINTED_CAVE_CEN","SCI","mpa",0,0,2,0.962440695239985,14.5,0.688358191242429
2021,"SCI_PAINTED_CAVE_CEN","SCI","mpa",0,0,2.375,0.8338559593691,3,0.105676392008686
2015,"SCI_PAINTED_CAVE_E","SCI","mpa",0,0,2.375,1.1734127550319,31.75,0.576812448010268
2017,"SCI_PAINTED_CAVE_E","SCI","mpa",0,0,1.375,0.761558181461139,81.5,2.83475819603648
2018,"SCI_PAINTED_CAVE_E","SCI","mpa",0,0,4.75,1.25788574382407,10.875,0.214871403228641
2019,"SCI_PAINTED_CAVE_E","SCI","mpa",0,0,3,1.42122720746304,9.25,0.404513834064967
2020,"SCI_PAINTED_CAVE_E","SCI","mpa",0,0,3.5,2.38764187433211,12.25,0.462220578215425
2021,"SCI_PAINTED_CAVE_E","SCI","mpa",0,0,3.125,1.2088083259203,2.875,0.125391099492752
2015,"SCI_PAINTED_CAVE_W","SCI","mpa",0,0,5.625,2.45018766061921,39.125,0.642979498761769
2017,"SCI_PAINTED_CAVE_W","SCI","mpa",0,0,2.75,1.74450757918568,38,1.06927279734521
2018,"SCI_PAINTED_CAVE_W","SCI","mpa",0,0,10.75,4.99204859751057,33.375,0.617838572230609
2019,"SCI_PAINTED_CAVE_W","SCI","mpa",0,0,2.375,0.732705950733819,5,0.226015538995461
2020,"SCI_PAINTED_CAVE_W","SCI","mpa",0,0,2.5,1.21885168198618,8.5,0.296947531693784
2021,"SCI_PAINTED_CAVE_W","SCI","mpa",0,0,3.75,1.65504425785689,41.375,1.60076991846151
2015,"SCI_PELICAN_CEN","SCI","reference",0,0,11.375,1.93906771464068,34.75,0.264397659713723
2016,"SCI_PELICAN_CEN","SCI","reference",26,72.75,6.125,1.08888252508888,80.875,2.01268333658687
2017,"SCI_PELICAN_CEN","SCI","reference",0.75,2.75,8.125,1.58006538722031,26.75,0.762819477644095
2018,"SCI_PELICAN_CEN","SCI","reference",0,0,9.75,2.85259199842965,27.5,0.755861592663449
2019,"SCI_PELICAN_CEN","SCI","reference",0,0,4.875,0.842210441473755,19.875,0.731285207753245
2020,"SCI_PELICAN_CEN","SCI","reference",0,0,8.375,2.4183990576178,4.125,0.0347395691524505
2021,"SCI_PELICAN_CEN","SCI","reference",21.25,74.25,4.25,1.11889658153616,1.25,0.0450799787521229
2015,"SCI_PELICAN_E","SCI","reference",0,0,18.625,5.64889323548952,99.125,0.774982882851407
2016,"SCI_PELICAN_E","SCI","reference",7.25,17.5,14.75,3.47413908796904,41,0.645945913541896
2017,"SCI_PELICAN_E","SCI","reference",1.5,3,17.375,5.1562994691204,35.375,0.755596201813022
2018,"SCI_PELICAN_E","SCI","reference",0,0,9.25,3.95994245159497,13.75,0.413332578908624
2019,"SCI_PELICAN_E","SCI","reference",0,0,7.125,1.72586871836646,18.125,0.445713605157524
2020,"SCI_PELICAN_E","SCI","reference",0,0,4.75,1.53353224226026,2,0.0665115781335916
2021,"SCI_PELICAN_E","SCI","reference",1.75,9.5,5,1.41693134677786,21.5,0.63878411601122
2015,"SCI_PELICAN_W","SCI","reference",0,0,8,0.869066842292489,114,0.775648386616263
2016,"SCI_PELICAN_W","SCI","reference",2.25,5,2.875,0.228096694507385,59.5,1.37242098392521
2017,"SCI_PELICAN_W","SCI","reference",0,0,7.125,1.67533276999721,35.875,0.712293272588278
2018,"SCI_PELICAN_W","SCI","reference",0,0,6.375,1.56391176405528,5.5,0.128975990998725
2019,"SCI_PELICAN_W","SCI","reference",0,0,1.5,0.184260353996353,24.625,1.68916073172589
2020,"SCI_PELICAN_W","SCI","reference",0,0,3.875,0.744649747050952,1.875,0.0387260617383111
2021,"SCI_PELICAN_W","SCI","reference",0,0,3,0.769951119740176,12.5,0.325754567603489
2015,"SCI_SCORPION_E","SCI","reference",0,0,8.58333333333333,1.32094546561698,133.25,0.882310022843465
2016,"SCI_SCORPION_E","SCI","reference",0.166666667,0.5,8.33333333333333,1.69185896219332,243.666666666667,8.51581471933027
2017,"SCI_SCORPION_E","SCI","reference",1,2.5,4.66666666666667,1.6569154003327,148.833333333333,6.48565667943501
2018,"SCI_SCORPION_E","SCI","reference",4.666667,26,5.5,2.41601747383762,19.8333333333333,2.0346219295944
2019,"SCI_SCORPION_E","SCI","reference",12.33333,24.5,6.08333333333333,1.33846175098616,12.1666666666667,0.307829822118862
2020,"SCI_SCORPION_E","SCI","reference",5.333333,11.83333,2.83333333333333,0.495434629701081,13.3333333333333,0.224267606128954
2021,"SCI_SCORPION_E","SCI","reference",2.5,10,3.33333333333333,0.925732372122912,27.6666666666667,0.709214196627899
2015,"SCI_SCORPION_W","SCI","mpa",26.83333333,347,20.4166666666667,2.93275632895817,52.75,0.578129110580324
2016,"SCI_SCORPION_W","SCI","mpa",122.1666667,366.5,20.75,5.82880339933682,11.8333333333333,0.350207106536531
2017,"SCI_SCORPION_W","SCI","mpa",70,501.1667,6.41666666666667,1.26321526119979,15.4166666666667,0.726961669781045
2018,"SCI_SCORPION_W","SCI","mpa",52.83333,294.3333,8.33333333333333,0.890005832270433,2.66666666666667,0.178017580877882
2019,"SCI_SCORPION_W","SCI","mpa",141.6667,484,6.33333333333333,1.39808746569128,17.0833333333333,1.55512373486245
2020,"SCI_SCORPION_W","SCI","mpa",86.66667,555.5,3.58333333333333,0.410350600379245,2,0.0807340853892127
2021,"SCI_SCORPION_W","SCI","mpa",130.3333,560.8333,4,0.817733212507256,5.41666666666667,0.183703122308707
2015,"SCI_VALLEY_CEN","SCI","reference",29.5,80.5,8.625,1.25382883676455,61.75,1.01044905202613
2018,"SCI_VALLEY_CEN","SCI","reference",17.25,120.25,6.75,1.04597255445711,2.5,0.0755385846798879
2019,"SCI_VALLEY_CEN","SCI","reference",58,255,4.125,0.494382111717318,3.125,0.304092543992487
2020,"SCI_VALLEY_CEN","SCI","reference",25.5,219,4.125,0.571988043200608,8.125,0.20693363456967
2015,"SCI_VALLEY_E","SCI","reference",82.75,418.5,8.125,1.11286475855498,0.875,0.00153282871070918
2018,"SCI_VALLEY_E","SCI","reference",2.75,13,3.625,1.25056527898411,0,0
2019,"SCI_VALLEY_E","SCI","reference",9,21.5,1,0.170750951920393,0,0
2020,"SCI_VALLEY_E","SCI","reference",18.75,68,0,0,0,0
2015,"SCI_VALLEY_W","SCI","reference",1.75,2.75,8.5,0.612970716204657,4.5,0.0630318619352747
2018,"SCI_VALLEY_W","SCI","reference",8.25,86.25,5.5,0.879832878254421,2,0.0617350749979187
2019,"SCI_VALLEY_W","SCI","reference",7.25,22.25,5.125,0.728744757979935,0.375,0.0197188638520606
2020,"SCI_VALLEY_W","SCI","reference",45,261.25,4.5,1.46812411646189,11.125,0.240790373154546
2015,"SCI_YELLOWBANKS_CEN","SCI","reference",0,0,3.08333333333333,0.530458792112239,29.4166666666667,0.473971821719964
2018,"SCI_YELLOWBANKS_CEN","SCI","reference",8.833333,57.83333,4.58333333333333,0.95854685687842,3.91666666666667,0.142021201993053
2019,"SCI_YELLOWBANKS_CEN","SCI","reference",5,23,1.08333333333333,0.116553216798701,5,0.278676091005082
2021,"SCI_YELLOWBANKS_CEN","SCI","reference",33.5,198.6667,1,0.200394210612926,3.41666666666667,0.160133271435602
2015,"SCI_YELLOWBANKS_W","SCI","reference",17.33333333,56.33333333,8.83333333333333,0.912374990509537,28.0833333333333,0.296543070714191
2018,"SCI_YELLOWBANKS_W","SCI","reference",11.33333,83.16667,3.83333333333333,0.350489949863475,8.66666666666667,0.402954273590914
2019,"SCI_YELLOWBANKS_W","SCI","reference",11.66667,80.5,5.5,0.910461248530023,3.75,0.067558305173005
2021,"SCI_YELLOWBANKS_W","SCI","reference",13.33333,151.1667,4.83333333333333,1.09028656205861,10.75,0.436480949689463
